{"cameraMode":{"drawMode":2,"name":"Shaded Wireframe","section":"Shading Mode"},"sceneLighting":false,"audioPlay":false,"sceneViewState":{"m_AlwaysRefresh":false,"showFog":true,"showSkybox":false,"showFlares":true,"showImageEffects":true,"showParticleSystems":true,"showVisualEffectGraphs":true,"m_FxEnabled":true},"in2DMode":false,"pivot":{"x":4.016425132751465,"y":-0.41757938265800478,"z":-5.451203346252441},"rotation":{"x":-0.004488807171583176,"y":-0.07044091820716858,"z":-0.00031698643579147756,"w":0.9975059032440186},"size":1.4479397535324097,"orthographic":false}