{"cameraMode":{"drawMode":2,"name":"Shaded Wireframe","section":"Shading Mode"},"sceneLighting":true,"audioPlay":false,"sceneViewState":{"m_AlwaysRefresh":false,"showFog":true,"showSkybox":true,"showFlares":true,"showImageEffects":true,"showParticleSystems":true,"showVisualEffectGraphs":true,"m_FxEnabled":true},"in2DMode":false,"pivot":{"x":1.0003209114074708,"y":1.2837135791778565,"z":0.11944317817687988},"rotation":{"x":0.25734975934028628,"y":0.02898423559963703,"z":-0.00772277032956481,"w":0.9658530354499817},"size":2.8082046508789064,"orthographic":false}